,City,Temperature,Humidity,Cloudiness,wind_speed,Date,Country,Longitude,Latitude,date_norm
0,olafsvik,33.28,63,100,7.09,1646700798,IS,-23.7142,64.8945,3/8/2022
1,jamestown,31.28,69,100,17.27,1646700798,US,-79.2353,42.097,3/8/2022
2,taksimo,14.29,88,96,1.99,1646700799,RU,114.8794,56.3444,3/8/2022
3,bambous virieux,75.45,100,75,2.3,1646700799,MU,57.7575,-20.3428,3/8/2022
4,albany,52.68,89,100,1.01,1646700799,US,-73.9662,42.6001,3/8/2022
5,puerto del rosario,62.35,59,4,11.5,1646700799,ES,-13.8627,28.5004,3/8/2022
6,aklavik,7.63,93,99,5.95,1646700799,CA,-135.0107,68.2191,3/8/2022
7,kimberley,62.29,100,100,1.14,1646700800,ZA,24.7623,-28.7323,3/8/2022
8,beringovskiy,32.54,98,79,5.66,1646700800,RU,179.3167,63.05,3/8/2022
9,cape town,66.31,77,20,20.71,1646700602,ZA,18.4232,-33.9258,3/8/2022
10,hermanus,67.8,78,100,13.15,1646700800,ZA,19.2345,-34.4187,3/8/2022
11,san patricio,53.91,55,100,14.32,1646700801,US,-97.5169,28.017,3/8/2022
12,esperance,64.24,71,100,10.69,1646700801,AU,121.9,-33.8667,3/8/2022
13,antofagasta,67.3,83,47,2.8,1646700513,CL,-70.4,-23.65,3/8/2022
14,rikitea,79.34,74,6,14.63,1646700801,PF,-134.9692,-23.1203,3/8/2022
15,butaritari,80.8,81,100,16.93,1646700801,KI,172.7902,3.0707,3/8/2022
16,talnakh,-25.4,92,22,1.86,1646700802,RU,88.3972,69.4865,3/8/2022
17,punta arenas,51.91,82,0,16.11,1646700802,CL,-70.9167,-53.15,3/8/2022
18,saskylakh,-30.41,100,97,3.42,1646700802,RU,114.0833,71.9167,3/8/2022
19,myitkyina,68.41,43,23,2.53,1646700802,MM,97.4,25.3833,3/8/2022
20,kokopo,83.75,69,99,5.26,1646700803,PG,152.2633,-4.352,3/8/2022
21,lebu,56.75,88,42,4.68,1646700803,CL,-73.65,-37.6167,3/8/2022
22,bengkulu,77.83,78,91,2.84,1646700803,ID,102.2655,-3.8004,3/8/2022
23,hithadhoo,82.51,65,54,5.7,1646700804,MV,73.0833,-0.6,3/8/2022
24,avarua,75.25,100,75,4.61,1646700804,CK,-159.775,-21.2078,3/8/2022
25,kaeo,73.33,79,38,11.41,1646700804,NZ,173.7833,-35.1,3/8/2022
26,bredasdorp,69.12,68,99,6.91,1646700804,ZA,20.0403,-34.5322,3/8/2022
27,east london,73.89,76,100,12.68,1646700803,ZA,27.9116,-33.0153,3/8/2022
28,lavrentiya,23.7,79,100,6.46,1646700805,RU,-171,65.5833,3/8/2022
29,busselton,72.05,59,100,14.23,1646700805,AU,115.3333,-33.65,3/8/2022
30,bereda,41.23,93,100,10.69,1646700805,ES,-7.5406,43.2686,3/8/2022
31,antalaha,75.09,93,100,8.21,1646700806,MG,50.2788,-14.9003,3/8/2022
32,chuy,65.59,80,97,5.86,1646700806,UY,-53.4616,-33.6971,3/8/2022
33,povenets,-13.76,100,100,0.34,1646700806,RU,34.8262,62.8487,3/8/2022
34,westport,55.72,87,100,1.99,1646700806,US,-73.3579,41.1415,3/8/2022
35,margate,37,62,0,8.01,1646700630,GB,1.3862,51.3813,3/8/2022
36,namatanai,83.79,68,100,7.05,1646700807,PG,152.4333,-3.6667,3/8/2022
37,bluff,77.81,70,65,3.04,1646700807,NZ,168.3333,-46.6,3/8/2022
38,sur,75.25,53,0,9.84,1646700807,OM,59.5289,22.5667,3/8/2022
39,imeni babushkina,-12.86,100,65,3.71,1646700808,RU,43.1285,59.7573,3/8/2022
40,kapaa,78.12,62,100,5.01,1646700808,US,-159.319,22.0752,3/8/2022
41,mataura,77.49,46,77,3.91,1646700808,NZ,168.8643,-46.1927,3/8/2022
42,muroto,50.04,58,4,4.36,1646700808,JP,134.15,33.2833,3/8/2022
43,pevek,-0.67,90,55,2.53,1646700809,RU,170.3133,69.7008,3/8/2022
44,nikolskoye,10.29,100,94,2.48,1646700809,RU,30.7861,59.7035,3/8/2022
45,urumqi,32.95,75,26,6.71,1646700603,CN,87.6005,43.801,3/8/2022
46,arlit,73.85,10,98,12.1,1646700809,NE,7.3853,18.7369,3/8/2022
47,vaini,86.16,79,40,13.8,1646700810,TO,-175.2,-21.2,3/8/2022
48,dikson,-26.54,100,100,7.11,1646700810,RU,80.5464,73.5069,3/8/2022
49,mnogovershinnyy,14.34,87,90,3.06,1646700810,RU,139.9242,53.9353,3/8/2022
50,santa cruz,76.46,88,20,4.61,1646700673,BO,-63.1667,-17.8,3/8/2022
51,egvekinot,23.05,95,100,3.04,1646700810,RU,-179.1667,66.3167,3/8/2022
52,bocas del toro,78.73,75,6,3.58,1646700811,PA,-82.25,9.3333,3/8/2022
53,qaanaaq,1.65,68,100,3.36,1646700811,GL,-69.3632,77.484,3/8/2022
54,skjervoy,35.58,77,100,13.65,1646700811,NO,20.9714,70.0311,3/8/2022
55,victoria,61.65,57,25,11.99,1646700737,HK,114.1577,22.2855,3/8/2022
56,carnarvon,89.67,27,1,14.97,1646700812,AU,113.6333,-24.8667,3/8/2022
57,peterhead,39.06,82,14,24.05,1646700812,GB,-1.7981,57.5058,3/8/2022
58,kodiak,38.7,97,100,19.42,1646700812,US,-152.4072,57.79,3/8/2022
59,delijan,45.37,72,99,2.71,1646700812,IR,50.6838,33.9905,3/8/2022
60,hobart,61.79,50,75,12.66,1646700556,AU,147.3294,-42.8794,3/8/2022
61,neryungri,8.35,94,73,0.45,1646700813,RU,124.6491,56.6709,3/8/2022
62,henties bay,61.86,87,3,3.2,1646700813,NA,14.2845,-22.116,3/8/2022
63,vanimo,82.89,79,98,0.45,1646700813,PG,141.3028,-2.6741,3/8/2022
64,atuona,78.58,79,16,13.06,1646700814,PF,-139.0333,-9.8,3/8/2022
65,cabo san lucas,70.66,61,0,6.73,1646700516,MX,-109.9124,22.8909,3/8/2022
66,tondano,71.69,66,98,5.46,1646700814,ID,124.9112,1.3038,3/8/2022
67,puerto ayora,78.28,80,75,7.02,1646700814,EC,-90.3518,-0.7393,3/8/2022
68,port-cartier,22.75,97,100,4.45,1646700815,CA,-66.8654,50.0334,3/8/2022
69,ushuaia,47.86,61,20,9.22,1646700815,AR,-68.3,-54.8,3/8/2022
70,taoudenni,66.78,19,0,10.74,1646700815,ML,-3.9836,22.6783,3/8/2022
71,norman wells,14.04,73,100,12.66,1646700815,CA,-126.8329,65.282,3/8/2022
72,airai,64.38,85,100,0.81,1646700816,TL,125.4092,-8.9266,3/8/2022
73,klaksvik,43.72,76,100,27.29,1646700816,FO,-6.589,62.2266,3/8/2022
74,poum,81.19,74,100,3.6,1646700816,NC,164.0167,-20.2333,3/8/2022
75,mahebourg,75.49,100,75,2.3,1646700816,MU,57.7,-20.4081,3/8/2022
76,chokurdakh,-13.2,96,94,4.14,1646700817,RU,147.9167,70.6333,3/8/2022
77,rocha,63.77,78,100,6.78,1646700817,UY,-54.3333,-34.4833,3/8/2022
78,birjand,52.27,58,40,11.5,1646700817,IR,59.2211,32.8663,3/8/2022
79,vila,35.96,89,100,6.2,1646700817,PT,-8.1588,42.0304,3/8/2022
80,vardo,25.84,87,100,18.95,1646700818,NO,31.1107,70.3705,3/8/2022
81,samarai,86.5,70,76,12.26,1646700818,PG,150.6667,-10.6167,3/8/2022
82,jalu,64.65,39,100,10.92,1646700818,LY,21.5482,29.0331,3/8/2022
83,hornepayne,7.05,99,100,2.98,1646700819,CA,-84.7705,49.2138,3/8/2022
84,sussex,62.56,76,100,8.01,1646700819,US,-74.6663,41.1834,3/8/2022
85,yar-sale,-25.46,98,74,12.91,1646700819,RU,70.8333,66.8333,3/8/2022
86,shingu,47.91,35,0,2.86,1646700819,JP,135.9833,33.7333,3/8/2022
87,barrow,-8.48,95,24,8.97,1646700820,US,-156.7887,71.2906,3/8/2022
88,bitung,79.65,67,95,1.88,1646700820,ID,125.1824,1.4451,3/8/2022
89,xining,41.88,26,6,2.93,1646700711,CN,101.7667,36.6167,3/8/2022
90,toowoomba,79.61,60,0,5.01,1646700820,AU,151.9667,-27.55,3/8/2022
91,mantua,38.32,72,40,7,1646700821,IT,10.7833,45.1667,3/8/2022
92,bulgan,24.76,73,100,1.48,1646700821,MN,103.5347,48.8125,3/8/2022
93,lasa,27.59,53,3,2.93,1646700821,IT,10.7002,46.6166,3/8/2022
94,khatanga,-22.32,94,24,8.01,1646700821,RU,102.5,71.9667,3/8/2022
95,lata,48.43,93,100,8.03,1646700822,PT,-8.3327,40.1629,3/8/2022
96,okha,11.52,90,82,9.19,1646700822,RU,142.9478,53.5739,3/8/2022
97,severnoye,-4.67,91,100,14.38,1646700822,RU,78.3619,56.3491,3/8/2022
98,ponta do sol,60.35,81,91,6.82,1646700822,PT,-17.1,32.6667,3/8/2022
99,arraial do cabo,77.58,86,5,20.74,1646700823,BR,-42.0278,-22.9661,3/8/2022
100,la reforma,73.2,57,0,12.64,1646700823,MX,-108.05,25.0833,3/8/2022
101,zyryanka,-15.02,91,54,7.4,1646700823,RU,150.85,65.75,3/8/2022
102,anchorage,32.9,60,0,8.05,1646700534,US,-149.9003,61.2181,3/8/2022
103,nelson bay,75.81,80,86,3.15,1646700824,AU,152.15,-32.7167,3/8/2022
104,san quintin,58.89,64,0,13.89,1646700824,MX,-115.95,30.4833,3/8/2022
105,ancud,55.47,81,84,14.32,1646700824,CL,-73.8203,-41.8697,3/8/2022
106,provideniya,23.45,91,100,11.54,1646700824,RU,-173.3,64.3833,3/8/2022
107,campo maior,71.74,98,100,5.73,1646700825,BR,-42.1686,-4.8278,3/8/2022
108,vysokogornyy,17.46,84,98,4.36,1646700825,RU,139.15,50.1167,3/8/2022
109,komyshany,29.66,83,57,6.51,1646700825,UA,32.5072,46.6372,3/8/2022
110,ngunguru,73.17,79,43,13.71,1646700825,NZ,174.5,-35.6167,3/8/2022
111,bac lieu,81.86,67,17,23.4,1646700826,VN,105.7244,9.285,3/8/2022
112,vostok,21.34,83,98,2.84,1646700826,RU,135.8833,46.4856,3/8/2022
113,port alfred,72.05,88,100,9.75,1646700826,ZA,26.891,-33.5906,3/8/2022
114,nanchang,53.22,74,0,5.28,1646700827,CN,115.8833,28.6833,3/8/2022
115,kurilsk,26.55,73,99,17.67,1646700827,RU,147.8833,45.2333,3/8/2022
116,sechura,75.88,78,21,8.12,1646700827,PE,-80.8222,-5.5569,3/8/2022
117,magelang,77.74,85,100,0.67,1646700827,ID,110.2178,-7.4706,3/8/2022
118,georgetown,77.02,94,20,5.01,1646700781,MY,100.3354,5.4112,3/8/2022
119,mao,43.36,75,75,1.14,1646700828,ES,4.2658,39.8885,3/8/2022
120,kirakira,85.84,74,99,7,1646700828,SB,161.9205,-10.4544,3/8/2022
121,bethel,56.66,93,100,17.13,1646700829,US,-73.414,41.3712,3/8/2022
122,geraldton,86.41,26,90,27.63,1646700829,AU,114.6,-28.7667,3/8/2022
123,weatherford,44.4,52,100,3,1646700829,US,-97.7972,32.7593,3/8/2022
124,saint-philippe,75.79,87,100,10.89,1646700829,RE,55.7679,-21.3585,3/8/2022
125,verkhoyansk,-17.61,93,100,2.26,1646700830,RU,133.385,67.5447,3/8/2022
126,fare,81.77,72,89,11.99,1646700830,PF,-151.0167,-16.7,3/8/2022
127,unity,22.24,83,100,27.92,1646700830,CA,-109.1682,52.4501,3/8/2022
128,tuktoyaktuk,5,78,100,6.91,1646700830,CA,-133.0374,69.4541,3/8/2022
129,castro,68.7,80,92,3.22,1646700831,BR,-50.0119,-24.7911,3/8/2022
130,uruapan,64,45,4,1.32,1646700689,MX,-102.0667,19.4167,3/8/2022
131,college,30.54,53,40,10.36,1646700635,US,-147.8028,64.8569,3/8/2022
132,pontivy,36.59,87,5,9.84,1646700831,FR,-3,48,3/8/2022
133,tura,68.59,41,0,2.91,1646700786,IN,90.2201,25.5198,3/8/2022
134,husavik,35.51,75,100,6.62,1646700831,IS,-17.3389,66.0449,3/8/2022
135,lagoa,57.63,62,100,22.53,1646700832,PT,-27.9833,39.05,3/8/2022
136,giresun,18.72,96,100,5.53,1646700832,TR,38.5,40.5,3/8/2022
137,christchurch,67.86,66,40,18.41,1646700605,NZ,172.6333,-43.5333,3/8/2022
138,cayenne,78.1,91,75,6.91,1646700832,GF,-52.3333,4.9333,3/8/2022
139,vught,34.32,63,1,9.01,1646700832,NL,5.2833,51.65,3/8/2022
140,tasiilaq,2.37,77,26,9.19,1646700833,GL,-37.6368,65.6145,3/8/2022
141,mrakovo,7.03,96,97,3.27,1646700833,RU,56.6244,52.7161,3/8/2022
142,mandalgovi,35.94,22,44,4.97,1646700833,MN,106.2708,45.7625,3/8/2022
143,necochea,61.03,74,0,10.98,1646700834,AR,-58.7368,-38.5473,3/8/2022
144,wonthaggi,65.73,66,100,15.23,1646700834,AU,145.5913,-38.6044,3/8/2022
145,cherskiy,-9.33,93,100,4.56,1646700834,RU,161.3,68.75,3/8/2022
146,faanui,81.84,72,100,12.97,1646700834,PF,-151.75,-16.4833,3/8/2022
147,lorengau,84.25,74,100,9.1,1646700835,PG,147.2712,-2.0226,3/8/2022
148,lisala,72.19,80,76,2.89,1646700835,CD,21.5167,2.15,3/8/2022
149,ankang,57.49,47,0,1.39,1646700835,CN,109.0172,32.68,3/8/2022
150,bima,82.54,81,40,2.26,1646700835,ID,118.7167,-8.4667,3/8/2022
151,kieta,84.94,67,97,4.34,1646700836,PG,155.6333,-6.2167,3/8/2022
152,itarema,73.69,92,100,2.64,1646700836,BR,-39.9167,-2.9248,3/8/2022
153,hilo,78.78,74,25,1.99,1646700836,US,-155.09,19.7297,3/8/2022
154,riyadh,71.74,22,97,10,1646700600,SA,46.7219,24.6877,3/8/2022
155,zima,30.04,99,100,4.56,1646700837,RU,102.0442,53.9202,3/8/2022
156,zhangjiakou,41.58,24,6,1.36,1646700837,CN,114.8794,40.81,3/8/2022
157,kankakee,31.91,80,100,9.22,1646700837,US,-87.8667,41.15,3/8/2022
158,yellowknife,14.47,79,100,21.85,1646700770,CA,-114.3525,62.456,3/8/2022
159,phan thiet,79.7,56,29,5.86,1646700837,VN,108.1,10.9333,3/8/2022
160,sokoni,80.56,74,100,9.46,1646700838,TZ,39.55,-6.4333,3/8/2022
161,longyearbyen,28.24,69,75,10.36,1646700838,SJ,15.6401,78.2186,3/8/2022
162,bathsheba,77.61,73,40,18.41,1646700838,BB,-59.5167,13.2167,3/8/2022
163,reconquista,70.47,95,100,5.77,1646700839,AR,-59.65,-29.15,3/8/2022
164,nhulunbuy,88.41,66,75,8.05,1646700839,AU,136.7667,-12.2333,3/8/2022
165,domoni,79.47,86,100,4.81,1646700839,KM,44.5319,-12.2569,3/8/2022
166,hirara,64.67,68,75,25.32,1646700839,JP,125.2833,24.8,3/8/2022
167,aromashevo,-6.77,94,100,11.9,1646700840,RU,68.6375,56.8602,3/8/2022
168,oistins,77.09,73,40,18.41,1646700840,BB,-59.5333,13.0667,3/8/2022
169,adrar,58.78,25,56,8.66,1646700840,MR,-10.0711,20.5022,3/8/2022
170,cockburn town,77.43,76,0,22.53,1646700764,TC,-71.1419,21.4612,3/8/2022
171,glencoe,58.14,90,71,1.43,1646700647,ZA,30.147,-28.1783,3/8/2022
172,aksarka,-21.69,95,87,12.44,1646700841,RU,67.7975,66.5606,3/8/2022
173,jacareacanga,71.73,99,95,2.06,1646700841,BR,-57.7528,-6.2222,3/8/2022
174,torbay,28.29,92,100,10.36,1646700841,CA,-52.7314,47.6666,3/8/2022
175,abancay,59.54,92,100,2.82,1646700841,PE,-72.8814,-13.6339,3/8/2022
176,kruisfontein,70.88,89,100,4.43,1646700842,ZA,24.7314,-34.0033,3/8/2022
177,new norfolk,58.91,41,100,1.99,1646700842,AU,147.0587,-42.7826,3/8/2022
178,vao,79.48,76,23,4.76,1646700842,NC,167.4833,-22.6667,3/8/2022
179,saquarema,77.02,83,5,14.83,1646700843,BR,-42.5103,-22.92,3/8/2022
180,lincoln,33.17,51,0,6.91,1646700703,US,-96.667,40.8,3/8/2022
181,gat,51.67,100,100,3.49,1646700843,IL,34.7642,31.61,3/8/2022
182,khandyga,-0.24,88,100,2.44,1646700843,RU,135.6,62.6667,3/8/2022
183,luena,60.91,96,100,4.05,1646700844,AO,19.9167,-11.7833,3/8/2022
184,mineral wells,44.6,48,100,9.89,1646700844,US,-98.1128,32.8085,3/8/2022
185,alibag,82.47,63,5,8.57,1646700844,IN,72.8792,18.6411,3/8/2022
186,ilulissat,10.85,94,100,5.66,1646700844,GL,-51.1,69.2167,3/8/2022
187,nileshwar,76.66,76,66,5.5,1646700845,IN,75.1,12.25,3/8/2022
188,urengoy,-16.85,94,100,14.61,1646700845,RU,78.3667,65.9667,3/8/2022
189,sokoto,80.8,16,0,8.37,1646700845,NG,5.239,13.0609,3/8/2022
190,grand forks,23.67,91,100,12.39,1646700846,US,-97.4337,47.9417,3/8/2022
191,saint george,48.7,17,0,21.85,1646700846,US,-113.5841,37.1041,3/8/2022
192,hegra,42.71,56,100,16.11,1646700846,NO,11.114,63.4644,3/8/2022
193,timbo,76.69,96,100,0.65,1646700846,BR,-49.2717,-26.8233,3/8/2022
194,usak,38.79,74,100,2.39,1646700656,TR,29.4167,38.5,3/8/2022
195,ixtapa,73.22,82,2,7,1646700727,MX,-105.2,20.7,3/8/2022
196,dzaoudzi,82.29,78,0,9.22,1646700847,YT,45.2699,-12.7887,3/8/2022
197,mar del plata,64.27,77,0,5.99,1646700645,AR,-57.5575,-38.0023,3/8/2022
198,slave lake,21.18,79,100,11.5,1646700847,CA,-114.769,55.2834,3/8/2022
199,saldanha,62.65,88,0,17.74,1646700848,ZA,17.9442,-33.0117,3/8/2022
200,ugoofaaru,80.71,72,98,4.54,1646700848,MV,73,5.6667,3/8/2022
201,carai,64.31,95,3,4.21,1646700798,BR,-41.6947,-17.1889,3/8/2022
202,balabac,82.26,76,100,13.98,1646700848,PH,117.0645,7.9868,3/8/2022
203,kargasok,1.29,89,100,12.73,1646700848,RU,80.8572,59.0556,3/8/2022
204,ratnagiri,76.55,49,3,4.07,1646700849,IN,73.3,16.9833,3/8/2022
205,saint-francois,29.61,78,0,3.44,1646700849,FR,3.9054,46.4154,3/8/2022
206,gotsu,42.94,51,0,2.17,1646700849,JP,132.2167,35,3/8/2022
207,srednekolymsk,-16.26,90,9,2.59,1646700850,RU,153.6833,67.45,3/8/2022
208,tuatapere,77.83,51,22,4.9,1646700610,NZ,167.6833,-46.1333,3/8/2022
209,cruzeiro do sul,71.06,94,100,4.7,1646700850,BR,-51.9853,-29.5128,3/8/2022
210,ouadda,72.66,18,100,1.16,1646700850,CF,22.4007,8.0777,3/8/2022
211,uvalde,58.33,17,0,9.22,1646700850,US,-99.767,29.3669,3/8/2022
212,teeli,20.08,95,100,2.08,1646700851,RU,90.2333,51.0333,3/8/2022
213,yerbogachen,1.17,93,100,7.92,1646700851,RU,108.0108,61.2767,3/8/2022
214,hambantota,75.54,100,20,4.61,1646700851,LK,81.1185,6.1241,3/8/2022
215,cururupu,73.4,98,100,2.8,1646700852,BR,-44.8683,-1.8283,3/8/2022
216,mayumba,80.35,88,100,5.44,1646700852,GA,10.6554,-3.432,3/8/2022
217,launceston,63.72,55,40,21.85,1646700852,AU,147.1667,-41.45,3/8/2022
218,port lincoln,65.59,68,100,17.43,1646700853,AU,135.8667,-34.7333,3/8/2022
219,nurmijarvi,25.93,76,75,10.36,1646700853,FI,24.8073,60.4641,3/8/2022
220,kununurra,87.78,58,100,4.61,1646700853,AU,128.7333,-15.7667,3/8/2022
221,nanortalik,12.54,78,10,8.84,1646700853,GL,-45.2371,60.1432,3/8/2022
222,port elizabeth,70.09,94,100,10.36,1646700854,ZA,25.5701,-33.918,3/8/2022
223,san cristobal,71.78,91,20,3.65,1646700854,VE,-72.225,7.7669,3/8/2022
224,sitka,39.51,82,100,4.88,1646700854,US,-135.33,57.0531,3/8/2022
225,meulaboh,76.91,89,100,6.6,1646700855,ID,96.1285,4.1363,3/8/2022
226,ankazoabo,72.45,69,10,3.27,1646700855,MG,44.5167,-22.2833,3/8/2022
227,ambunti,83.12,77,100,1.92,1646700855,PG,142.8448,-4.2365,3/8/2022
228,varzelandia,68.29,73,24,4.92,1646700856,BR,-44.0275,-15.7014,3/8/2022
229,komsomolskiy,45.32,81,75,9.22,1646700856,UZ,71.7189,40.4272,3/8/2022
230,hervey bay,91.04,78,0,8.72,1646700856,AU,152.8535,-25.2986,3/8/2022
231,ribeira grande,58.68,63,85,20.6,1646700857,PT,-28.7,38.5167,3/8/2022
232,korla,43.16,30,39,4.85,1646700857,CN,86.1469,41.7597,3/8/2022
233,ajaccio,30.88,80,0,8.05,1646700857,FR,8.9167,42,3/8/2022
234,namibe,72,69,100,7,1646700857,AO,12.1522,-15.1961,3/8/2022
235,neyshabur,44.37,80,100,4.79,1646700858,IR,58.7958,36.2133,3/8/2022
236,usinsk,-26.93,98,100,7.65,1646700858,RU,57.5281,65.9939,3/8/2022
237,lobito,76.93,83,100,3.83,1646700858,AO,13.5456,-12.3481,3/8/2022
238,marawi,70.65,85,100,3.94,1646700859,PH,124.2928,7.9986,3/8/2022
239,kautokeino,-3.33,100,98,2.68,1646700859,NO,23.0412,69.0125,3/8/2022
240,deputatskiy,-21.8,99,83,2.1,1646700859,RU,139.9,69.3,3/8/2022
241,faranah,76.96,20,99,5.12,1646700859,GN,-10.7434,10.0404,3/8/2022
242,swan hill,74.48,46,11,20.22,1646700860,AU,143.5544,-35.3378,3/8/2022
243,kandalaksha,4.93,97,100,4.68,1646700860,RU,32.4123,67.162,3/8/2022
244,odienne,78.1,18,75,3.6,1646700860,CI,-7.5692,9.51,3/8/2022
245,tilichiki,12.51,84,100,10.33,1646700861,RU,166.1,60.4667,3/8/2022
246,ormara,72.63,69,4,4.97,1646700861,PK,64.6357,25.2088,3/8/2022
247,clyde river,-18.17,83,0,3.44,1646700861,CA,-68.5914,70.4692,3/8/2022
248,tacna,66.54,79,100,3.22,1646700861,PE,-70.2483,-18.0056,3/8/2022
249,kavieng,84.09,69,100,9.42,1646700862,PG,150.7967,-2.5744,3/8/2022
250,khani,36.97,65,100,5.73,1646700862,GE,42.9566,41.9563,3/8/2022
251,fortuna,57.6,60,0,14.97,1646700862,US,-124.1573,40.5982,3/8/2022
252,kavaratti,80.76,71,8,1.88,1646700862,IN,72.642,10.5669,3/8/2022
253,cairns,91.35,58,40,1.14,1646700780,AU,145.7667,-16.9167,3/8/2022
254,muisne,77.16,89,70,5.1,1646700863,EC,-80.0333,0.6,3/8/2022
255,sheboygan,29.52,72,100,10.36,1646700611,US,-87.9334,43.7333,3/8/2022
256,muros,50.65,89,49,17.72,1646700863,ES,-9.0603,42.7762,3/8/2022
257,cariati,42.62,72,15,10.94,1646700863,IT,16.9594,39.4922,3/8/2022
258,caravelas,75.56,84,6,5.01,1646700864,BR,-39.2481,-17.7125,3/8/2022
259,ayan,10.33,86,99,4.94,1646700864,RU,138.1667,56.45,3/8/2022
260,sinnamary,76.55,89,100,11.88,1646700864,GF,-52.95,5.3833,3/8/2022
261,vila velha,76.95,88,20,2.3,1646700864,BR,-40.2925,-20.3297,3/8/2022
262,maracas,65.3,87,98,7.72,1646700865,BR,-40.4308,-13.4411,3/8/2022
263,pemangkat,78.89,80,12,3.42,1646700865,ID,108.9667,1.1667,3/8/2022
264,malyn,28.4,97,84,7.56,1646700865,UA,29.2383,50.7723,3/8/2022
265,upernavik,-2.11,96,100,3.51,1646700866,GL,-56.1549,72.7868,3/8/2022
266,barreiras,70.21,92,71,1.74,1646700723,BR,-44.99,-12.1528,3/8/2022
267,iqaluit,-2.47,78,100,2.3,1646700866,CA,-68.5145,63.7506,3/8/2022
268,stokmarknes,33.49,85,100,5.57,1646700866,NO,14.9108,68.5646,3/8/2022
269,okhotsk,3.65,85,10,10.71,1646700867,RU,143.3,59.3833,3/8/2022
270,mpanda,63.45,97,44,1.5,1646700867,TZ,31.0409,-6.3655,3/8/2022
271,najran,63.25,39,53,5.77,1646700867,SA,44.1277,17.4924,3/8/2022
272,plouzane,37.36,75,0,13.8,1646700867,FR,-4.6167,48.3833,3/8/2022
273,sommerda,28.71,69,59,0.65,1646700868,DE,11.1,51.15,3/8/2022
274,carstairs,25.97,64,7,21,1646700868,CA,-114.102,51.5668,3/8/2022
275,maniitsoq,11.98,93,100,7.56,1646700868,GL,-52.9,65.4167,3/8/2022
276,imbituba,81.82,92,63,6.8,1646700671,BR,-48.6703,-28.24,3/8/2022
277,labuhan,84.09,80,100,4.16,1646700869,ID,112.2051,-6.8844,3/8/2022
278,issoire,29.46,72,0,5.57,1646700869,FR,3.25,45.55,3/8/2022
279,mlonggo,78.69,80,100,2.66,1646700869,ID,110.7,-6.5333,3/8/2022
280,bilma,81.43,11,85,2.44,1646700869,NE,12.9164,18.6853,3/8/2022
281,banda aceh,79.97,78,100,2.75,1646700870,ID,95.3222,5.5577,3/8/2022
282,tessalit,61.48,18,0,8.79,1646700870,ML,1.0114,20.1986,3/8/2022
283,makakilo city,77.16,63,100,9.22,1646700870,US,-158.0858,21.3469,3/8/2022
284,nizhnyaya tura,-14.71,100,97,2.24,1646700870,RU,59.8118,58.6293,3/8/2022
285,guerrero negro,61.45,59,0,16.89,1646700716,MX,-114.0611,27.9769,3/8/2022
286,alyangula,85.87,84,75,8.05,1646700871,AU,136.4192,-13.8483,3/8/2022
287,torres,75.83,95,100,6.85,1646700871,BR,-49.7269,-29.3353,3/8/2022
288,terrace,46.31,65,75,2.3,1646700871,CA,-128.6035,54.5163,3/8/2022
289,yulara,75.04,33,0,14.97,1646700872,AU,130.9889,-25.2406,3/8/2022
290,bannu,59.49,68,100,3.67,1646700872,PK,70.6027,32.9854,3/8/2022
291,mae sai,69.04,84,27,1.3,1646700872,TH,99.8762,20.4335,3/8/2022
292,leningradskiy,11.37,92,84,5.77,1646700872,RU,178.4167,69.3833,3/8/2022
293,dodoma,64.63,93,41,2.62,1646700873,TZ,35.7395,-6.1722,3/8/2022
294,san felipe,69.58,95,96,5.01,1646700873,VE,-68.7425,10.3399,3/8/2022
295,joensuu,5.49,78,0,6.91,1646700873,FI,29.7632,62.6012,3/8/2022
296,vila do maio,70.59,71,23,20.87,1646700873,CV,-23.2167,15.1333,3/8/2022
297,umm lajj,70.83,83,100,5.97,1646700874,SA,37.2685,25.0213,3/8/2022
298,knysna,68.38,94,98,2.93,1646700874,ZA,23.0471,-34.0363,3/8/2022
299,hirado,43.95,50,0,2.84,1646700874,JP,129.5531,33.3597,3/8/2022
300,kangaatsiaq,6.94,95,100,4.23,1646700875,GL,-53.4641,68.3065,3/8/2022
301,warmbad,78.22,47,0,5.95,1646700875,NA,18.7333,-28.45,3/8/2022
302,yumen,41.88,27,100,6.42,1646700875,CN,97.2,40.2833,3/8/2022
303,bandarbeyla,74.5,71,1,8.21,1646700875,SO,50.8122,9.4942,3/8/2022
304,andros town,76.96,82,0,15.79,1646700876,BS,-77.7667,24.7,3/8/2022
305,lufilufi,91.18,79,100,11.41,1646700876,WS,-171.5986,-13.8745,3/8/2022
306,inta,-30.23,100,100,2.46,1646700876,RU,60.1659,66.0317,3/8/2022
307,malanje,63.14,94,100,2.33,1646700877,AO,16.341,-9.5402,3/8/2022
308,ketchikan,42.78,81,100,3.42,1646700877,US,-131.6461,55.3422,3/8/2022
309,tiksi,-17.05,100,100,4.09,1646700877,RU,128.8694,71.6872,3/8/2022
310,new amsterdam,75.22,86,100,5.32,1646700877,GY,-57.5167,6.25,3/8/2022
311,sozimskiy,-9.74,99,52,3.02,1646700878,RU,52.2482,59.7418,3/8/2022
312,ilo,71.67,84,55,4.88,1646700878,PE,-71.3375,-17.6394,3/8/2022
313,parkhill,30.25,91,83,12.95,1646700878,CA,-81.6831,43.1501,3/8/2022
314,ximei,56.93,63,0,4.05,1646700878,CN,118.3794,24.9639,3/8/2022
315,porto novo,84.02,78,92,6.51,1646700879,BJ,2.6036,6.4965,3/8/2022
316,kaduqli,80.71,16,37,7.11,1646700879,SD,29.7167,11.0167,3/8/2022
317,tshikapa,70.23,91,100,2.17,1646700879,CD,20.8,-6.4167,3/8/2022
318,pisco,75.25,73,75,4.61,1646700871,PE,-76.2167,-13.7,3/8/2022
319,alice springs,76.55,33,0,14.97,1646700880,AU,133.8833,-23.7,3/8/2022
320,kaitangata,68.63,60,13,5.5,1646700880,NZ,169.8464,-46.2817,3/8/2022
321,macklin,25.14,85,100,25.68,1646700880,CA,-109.9348,52.3334,3/8/2022
322,batagay-alyta,-11.78,79,100,1.45,1646700880,RU,130.4114,67.8006,3/8/2022
323,isla vista,64.92,36,0,5.99,1646700881,US,-119.861,34.4133,3/8/2022
324,breisach,30.24,67,0,4.61,1646700881,DE,7.5833,48.0333,3/8/2022
325,solnechnyy,18.34,90,73,2.84,1646700881,RU,136.6319,50.7214,3/8/2022
326,killam,23.14,86,100,29.93,1646700881,CA,-111.8518,52.7834,3/8/2022
327,bouca,79.93,44,100,4.68,1646700882,CF,18.2733,6.5105,3/8/2022
328,kamenka,16.09,97,100,5.06,1646700882,RU,42.7678,51.3223,3/8/2022
329,narsaq,2.73,79,12,8.57,1646700882,GL,-46.05,60.9167,3/8/2022
330,tazovskiy,-24.02,96,63,10.87,1646700883,RU,78.7,67.4667,3/8/2022
331,paithan,74.88,34,96,7.25,1646700883,IN,75.3833,19.4833,3/8/2022
332,havre-saint-pierre,25.12,86,100,8.05,1646700883,CA,-63.5986,50.2334,3/8/2022
333,channel-port aux basques,31.75,97,100,14.74,1646700883,CA,-59.1367,47.5702,3/8/2022
334,hasaki,44.58,76,100,9.19,1646700884,JP,140.8333,35.7333,3/8/2022
335,doha,72.28,81,75,6.91,1646700595,QA,51.5333,25.2867,3/8/2022
336,port hardy,49.51,71,75,5.75,1646700884,CA,-127.4199,50.6996,3/8/2022
337,birobidzhan,20.21,90,77,1.28,1646700884,RU,132.95,48.8,3/8/2022
338,constitucion,56.61,86,0,12.82,1646700884,CL,-72.4167,-35.3333,3/8/2022
339,nacala,75.38,97,87,5.03,1646700651,MZ,40.6728,-14.5428,3/8/2022
340,burns lake,40.42,80,100,3.89,1646700885,CA,-125.7533,54.2331,3/8/2022
341,palmas,74.98,89,100,6.91,1646700885,BR,-48.3603,-10.2128,3/8/2022
342,padang,75.25,82,100,3.44,1646700885,ID,100.3543,-0.9492,3/8/2022
343,bundaberg,91.22,70,0,13.8,1646700886,AU,152.35,-24.85,3/8/2022
344,luanda,78.8,89,20,5.75,1646700679,AO,13.2343,-8.8368,3/8/2022
345,roswell,56.89,93,75,3.44,1646700787,US,-84.3616,34.0232,3/8/2022
346,balkanabat,43.38,41,69,8.86,1646700886,TM,54.3671,39.5108,3/8/2022
347,indianola,28.27,66,3,6.15,1646700886,US,-93.5574,41.3581,3/8/2022
348,luderitz,68.88,71,0,17.69,1646700887,NA,15.1594,-26.6481,3/8/2022
349,turan,75.18,69,40,6.91,1646700874,VN,108.2208,16.0678,3/8/2022
350,belmonte,77.5,78,0,6.96,1646700887,BR,-38.8828,-15.8631,3/8/2022
351,funehiki,39.24,44,88,4.16,1646700887,JP,140.5833,37.4333,3/8/2022
352,jatibonico,76.78,69,50,9.35,1646700887,CU,-79.17,21.9419,3/8/2022
353,severo-kurilsk,33.76,97,100,23.47,1646700838,RU,156.125,50.6789,3/8/2022
354,ahipara,77.68,55,0,5.32,1646700888,NZ,173.1667,-35.1667,3/8/2022
355,scottsboro,51.48,87,100,10.36,1646700888,US,-86.0341,34.6723,3/8/2022
356,coihaique,51.75,71,100,3.44,1646700888,CL,-72.0662,-45.5752,3/8/2022
357,zanjan,37.08,89,88,6.11,1646700889,IR,48.4787,36.6736,3/8/2022
358,male,80.55,78,40,5.75,1646700889,MV,73.5089,4.1748,3/8/2022
359,newport,39.36,72,7,13.02,1646700845,GB,-2.9984,51.5877,3/8/2022
360,kyshtovka,-7.73,91,100,13.65,1646700889,RU,76.6271,56.555,3/8/2022
361,gamba,79.41,89,100,5.48,1646700889,GA,10,-2.65,3/8/2022
362,sile,42.33,73,98,1.99,1646700890,TR,29.6133,41.1754,3/8/2022
363,salinopolis,77.2,89,100,12.66,1646700890,BR,-47.3561,-0.6136,3/8/2022
364,dese,54.03,35,84,1.74,1646700890,ET,39.6333,11.1333,3/8/2022
365,tucurui,72.86,97,86,0.87,1646700890,BR,-49.6725,-3.7661,3/8/2022
366,maragogi,78.35,74,28,4.32,1646700602,BR,-35.2225,-9.0122,3/8/2022
367,norrtalje,33.98,95,43,4.79,1646700891,SE,18.705,59.758,3/8/2022
368,leander,48.7,47,40,6.91,1646700799,US,-97.8531,30.5788,3/8/2022
369,coruripe,78.51,78,92,6.78,1646700891,BR,-36.1756,-10.1256,3/8/2022
370,requena,40.59,95,100,2.37,1646700891,ES,-1.1004,39.4883,3/8/2022
371,fort frances,24.06,66,100,1.99,1646700892,CA,-93.4003,48.5999,3/8/2022
372,varniai,29.89,91,26,3.53,1646700892,LT,22.3644,55.7406,3/8/2022
373,tautira,87.82,75,6,12.57,1646700892,PF,-149.15,-17.7333,3/8/2022
374,lagos,82.72,85,97,3.62,1646700863,NG,3.75,6.5833,3/8/2022
375,sao filipe,70.93,69,5,13.09,1646700893,CV,-24.4956,14.8961,3/8/2022
376,palembang,75.29,94,40,4.61,1646700893,ID,104.7458,-2.9167,3/8/2022
377,sao jose da coroa grande,78.69,75,21,4.92,1646700733,BR,-35.1478,-8.8978,3/8/2022
378,tiarei,87.82,74,22,12.8,1646700893,PF,-149.3333,-17.5333,3/8/2022
379,sao gabriel da cachoeira,73.15,99,100,3.56,1646700851,BR,-67.0892,-0.1303,3/8/2022
380,merauke,83.1,78,97,5.84,1646700893,ID,140.3333,-8.4667,3/8/2022
381,zhanaozen,31.28,43,5,14.07,1646700894,KZ,52.8,43.3,3/8/2022
382,cabanglasan,74.77,94,100,3.27,1646700894,PH,125.3275,8.1214,3/8/2022
383,gorontalo,83.73,74,58,1.61,1646700894,ID,123.0595,0.5412,3/8/2022
384,lompoc,60.03,64,0,16.11,1646700895,US,-120.4579,34.6391,3/8/2022
385,codrington,63.63,59,45,21.43,1646700895,AU,141.9667,-38.2667,3/8/2022
386,parauna,71.46,77,83,0.38,1646700895,BR,-50.4486,-16.9478,3/8/2022
387,taungdwingyi,78.33,30,1,2.44,1646700895,MM,95.55,20.0167,3/8/2022
388,cienfuegos,77.14,88,13,4.61,1646700896,CU,-80.4356,22.1461,3/8/2022
389,cristalina,63.3,80,20,2.77,1646700896,BR,-47.6136,-16.7686,3/8/2022
390,hamilton,37.63,79,100,5.01,1646700896,US,-84.5333,39.1834,3/8/2022
391,oranjemund,63.93,90,92,17.85,1646700896,NA,16.4333,-28.55,3/8/2022
392,easton,65.71,78,100,7,1646700773,US,-75.2207,40.6884,3/8/2022
393,chara,10.15,81,49,0.78,1646700897,RU,118.2631,56.9064,3/8/2022
394,mehamn,34.05,67,96,17.27,1646700897,NO,27.8492,71.0357,3/8/2022
395,pozo colorado,87.28,45,97,4.25,1646700897,PY,-58.7972,-23.4923,3/8/2022
396,cidreira,73.27,95,100,6.98,1646700898,BR,-50.2056,-30.1811,3/8/2022
397,carballo,47.48,89,100,10.2,1646700898,ES,-8.691,43.213,3/8/2022
398,garango,83.68,12,11,10.85,1646700898,BF,-0.5506,11.8,3/8/2022
399,north platte,25.56,50,0,4,1646700898,US,-100.7654,41.1239,3/8/2022
400,saint anthony,26.96,50,0,8.05,1646700899,US,-93.218,45.0205,3/8/2022
401,san jose,64.92,21,20,10.36,1646700716,US,-121.895,37.3394,3/8/2022
402,cleveland,35.35,85,100,14.97,1646700890,US,-81.6954,41.4995,3/8/2022
403,touros,79.7,78,100,10.22,1646700899,BR,-35.4608,-5.1989,3/8/2022
404,karratha,95.52,33,4,14.07,1646700899,AU,116.8463,-20.7377,3/8/2022
405,takanabe,48.09,54,0,2.01,1646700900,JP,131.5,32.1333,3/8/2022
406,alta gracia,61.54,65,0,3.27,1646700900,AR,-64.4283,-31.6529,3/8/2022
407,pandan,79.43,88,69,11.74,1646700900,PH,124.1694,14.0453,3/8/2022
408,angoche,78.46,84,100,5.46,1646700900,MZ,39.9086,-16.2325,3/8/2022
409,westerland,28.42,100,8,3.44,1646700901,DE,8.3033,54.9079,3/8/2022
410,kamaishi,38.35,46,100,8.05,1646700901,JP,141.8833,39.2667,3/8/2022
411,portland,52.81,71,40,6.91,1646700683,US,-122.6762,45.5234,3/8/2022
412,kuldur,24.8,86,89,1.92,1646700901,RU,131.6333,49.2167,3/8/2022
413,souillac,75.58,100,75,2.3,1646700902,MU,57.5167,-20.5167,3/8/2022
414,pa sang,76.84,59,24,1.48,1646700902,TH,98.9394,18.5262,3/8/2022
415,matehuala,74.68,37,65,16.87,1646700902,MX,-100.65,23.65,3/8/2022
416,dalnerechensk,18.05,83,16,3.62,1646700903,RU,133.7225,45.9339,3/8/2022
417,salalah,70.02,64,89,1.39,1646700903,OM,54.0924,17.0151,3/8/2022
418,pimentel,73.96,73,22,7.9,1646700903,PE,-79.9342,-6.8367,3/8/2022
419,daru,84.83,69,99,3.8,1646700903,PG,143.2092,-9.0763,3/8/2022
420,dunedin,66.47,69,10,13.51,1646700904,NZ,170.5036,-45.8742,3/8/2022
421,port augusta,73.71,37,0,22.19,1646700904,AU,137.7667,-32.5,3/8/2022
422,beloha,71.06,95,8,7.23,1646700904,MG,45.05,-25.1667,3/8/2022
423,kutum,70.14,14,100,5.17,1646700905,SD,24.6667,14.2,3/8/2022
424,ilebo,70.5,94,100,1.21,1646700905,CD,20.5833,-4.3167,3/8/2022
425,sorland,36.63,80,100,13.42,1646700905,NO,12.6934,67.667,3/8/2022
426,kalmunai,78.24,80,94,8.05,1646700905,LK,81.8167,7.4167,3/8/2022
427,abaete,72.52,70,69,2.26,1646700906,BR,-45.4458,-19.16,3/8/2022
428,ust-kulom,-18.51,99,18,3.31,1646700906,RU,53.6902,61.6864,3/8/2022
429,sabang,81.36,76,100,7.36,1646700906,ID,95.3214,5.8933,3/8/2022
430,ostrovnoy,0.59,92,100,14.25,1646700907,RU,39.5131,68.0531,3/8/2022
431,cobija,71.71,99,100,1.68,1646700907,BO,-68.7692,-11.0267,3/8/2022
432,aswan,69.62,24,43,10,1646700907,EG,32.907,24.0934,3/8/2022
433,camapua,73.13,80,1,1.45,1646700907,BR,-54.0439,-19.5314,3/8/2022
434,lukovetskiy,-20.02,100,7,0.63,1646700908,RU,41.9211,64.2956,3/8/2022
435,qandala,73.56,68,4,7.18,1646700908,SO,49.8728,11.472,3/8/2022
436,laurel,68.27,77,100,19.57,1646700908,US,-76.8483,39.0993,3/8/2022
437,dalnegorsk,29.75,61,1,5.1,1646700909,RU,135.5701,44.5604,3/8/2022
438,mount vernon,63.81,72,100,21.12,1646700909,US,-73.8371,40.9126,3/8/2022
439,coahuayana,73.54,76,0,3.22,1646700909,MX,-103.6833,18.7333,3/8/2022
440,paamiut,7.72,78,98,11.7,1646700910,GL,-49.6678,61.994,3/8/2022
441,tapiramuta,66.31,91,89,5.39,1646700910,BR,-40.7914,-11.8472,3/8/2022
442,maldonado,67.39,74,45,7.54,1646700722,UY,-54.9167,-34.6667,3/8/2022
443,omboue,79.66,87,100,2.04,1646700910,GA,9.2618,-1.5746,3/8/2022
444,thompson,26.76,63,100,3.44,1646700910,CA,-97.8558,55.7435,3/8/2022
445,faya,54.12,63,1,2.59,1646700911,SA,42.4509,18.3851,3/8/2022
446,katsuura,42.49,89,100,15.99,1646700911,JP,140.3,35.1333,3/8/2022
447,kahului,83.46,66,39,3.85,1646700911,US,-156.47,20.8947,3/8/2022
448,grindavik,32.47,93,100,10.36,1646700912,IS,-22.4338,63.8424,3/8/2022
449,sarakhs,47.93,69,100,7.09,1646700912,IR,61.1577,36.5449,3/8/2022
450,port keats,87.46,72,100,2.1,1646700912,AU,129.55,-14.25,3/8/2022
451,birao,78.04,12,100,7.05,1646700912,CF,22.7882,10.2849,3/8/2022
452,zhigansk,-12.42,91,67,12.53,1646700913,RU,123.3711,66.7697,3/8/2022
453,zhuhai,61.79,55,0,14.97,1646700913,CN,113.5678,22.2769,3/8/2022
454,mosquera,53.69,94,75,11.5,1646700680,CO,-74.2302,4.7059,3/8/2022
455,tahoua,79.25,11,3,12.1,1646700913,NE,5.2692,14.8888,3/8/2022
456,the valley,76.86,73,0,22.5,1646700914,AI,-63.0578,18.217,3/8/2022
457,dalvik,35.53,82,100,3.44,1646700914,IS,-18.5286,65.9702,3/8/2022
458,araure,79.38,55,100,9.75,1646700914,VE,-69.2148,9.5601,3/8/2022
459,inirida,78.31,79,96,0.85,1646700915,CO,-67.9239,3.8653,3/8/2022
460,axim,78.93,88,100,2.68,1646700915,GH,-2.2405,4.8699,3/8/2022
461,vila franca do campo,55.2,74,63,10.76,1646700915,PT,-25.4333,37.7167,3/8/2022
462,ola,12.04,64,100,9.71,1646700916,RU,151.2833,59.5833,3/8/2022
463,mokshan,20.28,97,100,2.86,1646700916,RU,44.6132,53.4365,3/8/2022
464,bismarck,39.04,48,0,13.8,1646700715,US,-100.7837,46.8083,3/8/2022
465,saint-augustin,21.78,97,100,7.54,1646700916,CA,-58.6502,51.226,3/8/2022
466,berezovyy,19.04,79,13,1.28,1646700917,RU,135.7,51.6667,3/8/2022
467,moranbah,96.37,27,0,10.18,1646700917,AU,148.0466,-22.0016,3/8/2022
468,clarence town,74.97,95,98,3.47,1646700917,AU,151.7833,-32.5833,3/8/2022
469,avera,68.2,70,62,9.8,1646700918,US,-82.5271,33.194,3/8/2022
470,pacific grove,59.07,66,0,7,1646700918,US,-121.9166,36.6177,3/8/2022
471,boz,29.19,89,0,1.1,1646700918,FR,4.9109,46.4071,3/8/2022
472,ambon,86.14,70,20,3.44,1646700919,ID,128.1814,-3.6954,3/8/2022
473,san policarpo,81.27,83,100,7.54,1646700919,PH,125.5072,12.1791,3/8/2022
474,xinye,54.39,70,0,11.56,1646700919,CN,112.3522,32.5186,3/8/2022
475,peniche,52.86,88,14,19.51,1646700919,PT,-9.3811,39.3558,3/8/2022
476,kungurtug,20.66,87,100,1.59,1646700920,RU,97.5228,50.5994,3/8/2022
477,sirnak,37.6,72,72,2.62,1646700920,TR,42.4594,37.5228,3/8/2022
478,te anau,70.38,57,5,6.29,1646700921,NZ,167.7167,-45.4167,3/8/2022
479,wamba,81.77,49,100,4.25,1646700921,NG,8.6,8.9333,3/8/2022
480,nuuk,16.88,85,100,15.01,1646700921,GL,-51.7216,64.1835,3/8/2022
481,koungou,82.11,78,0,9.22,1646700922,YT,45.2042,-12.7336,3/8/2022
482,vamberk,28.36,83,20,1.48,1646700922,CZ,16.2907,50.1176,3/8/2022
483,rrogozhine,37.58,85,96,4.09,1646700922,AL,19.6653,41.0764,3/8/2022
484,mount gambier,62.51,72,100,24.16,1646700922,AU,140.7667,-37.8333,3/8/2022
485,soe,76.73,69,86,0.87,1646700923,ID,124.284,-9.8607,3/8/2022
486,trelew,61.7,67,78,7.2,1646700838,AR,-65.3051,-43.249,3/8/2022
487,richards bay,70.9,88,6,5.14,1646700923,ZA,32.0377,-28.783,3/8/2022
488,litovko,12.65,92,92,0.58,1646700923,RU,135.1742,49.2361,3/8/2022
489,sinnai,40.64,76,0,5.75,1646700924,IT,9.2036,39.3042,3/8/2022
490,bluefields,75.2,91,15,6.31,1646700924,NI,-83.7635,12.0137,3/8/2022
491,wilmington,68.63,72,0,17.27,1646700743,US,-77.9447,34.2257,3/8/2022
492,san luis,65.53,39,0,21.14,1646700924,AR,-66.3356,-33.295,3/8/2022
493,bungu,71.65,95,95,3.06,1646700924,TZ,39.0582,-7.6337,3/8/2022
494,camacha,56.62,88,40,13.8,1646700663,PT,-16.3333,33.0833,3/8/2022
495,coquimbo,65.52,75,0,5.68,1646700925,CL,-71.3436,-29.9533,3/8/2022
496,haines junction,28.35,43,6,5.75,1646700925,CA,-137.5108,60.7522,3/8/2022
497,vilhena,68.95,98,100,2.75,1646700925,BR,-60.1458,-12.7406,3/8/2022
498,mareeba,89.58,68,64,4.23,1646700926,AU,145.4333,-17,3/8/2022
499,roebourne,95.72,33,1,19.89,1646700926,AU,117.1333,-20.7833,3/8/2022
500,emba,1.08,97,96,5.41,1646700926,KZ,58.1442,48.8264,3/8/2022
501,batagay,-16.33,94,100,1.5,1646700926,RU,134.6333,67.6333,3/8/2022
502,yangliuqing,44.55,22,33,6.35,1646700927,CN,116.9997,39.1375,3/8/2022
503,brandfort,62.01,82,100,11.21,1646700927,ZA,26.4597,-28.7001,3/8/2022
504,hammerfest,34.25,86,75,19.57,1646700927,NO,23.6821,70.6634,3/8/2022
505,aykhal,-16.96,100,100,3.09,1646700927,RU,111.5,66,3/8/2022
506,moose factory,12.18,79,100,5.75,1646700928,CA,-80.6094,51.2585,3/8/2022
507,xam nua,62.44,59,44,1.92,1646700928,LA,104.0439,20.4197,3/8/2022
508,catamarca,72.77,60,100,13,1646700667,AR,-65.7852,-28.4696,3/8/2022
509,kempele,19.42,93,100,10.36,1646700928,FI,25.5034,64.9131,3/8/2022
510,dhidhdhoo,80.74,72,59,3.53,1646700929,MV,73.1,6.8833,3/8/2022
511,quebo,75.43,28,88,2.66,1646700929,GW,-14.9333,11.3333,3/8/2022
512,pinawa,18.55,91,100,9.69,1646700929,CA,-95.8811,50.1489,3/8/2022
513,moron,69.96,64,0,5.91,1646700929,AR,-58.6198,-34.6534,3/8/2022
514,sosnovo-ozerskoye,19.71,92,96,8.66,1646700930,RU,111.5418,52.5249,3/8/2022
515,naze,58.12,58,22,17.67,1646700930,JP,129.4833,28.3667,3/8/2022
516,benguela,76.93,81,100,3.38,1646700930,AO,13.4055,-12.5763,3/8/2022
517,at-bashi,25.38,89,100,1.59,1646700930,KG,75.8106,41.1702,3/8/2022
518,covington,38.32,80,100,3,1646700824,US,-84.5086,39.0837,3/8/2022
519,leshukonskoye,-23.28,100,13,0.69,1646700931,RU,45.7622,64.8989,3/8/2022
520,lahaina,83.44,65,53,4.43,1646700914,US,-156.6825,20.8783,3/8/2022
521,praia da vitoria,55.65,71,40,11.32,1646700931,PT,-27.0667,38.7333,3/8/2022
522,progreso,78.24,81,0,17.56,1646700931,MX,-89.6667,21.2833,3/8/2022
523,sembakung,82.33,72,98,2.59,1646700932,ID,117.25,3.8167,3/8/2022
524,havelock,65.86,87,34,13,1646700932,US,-76.9013,34.8791,3/8/2022
525,sao joao da barra,77.67,86,2,12.33,1646700932,BR,-41.0511,-21.6403,3/8/2022
526,monrovia,79.18,91,3,3.94,1646700715,LR,-10.7969,6.3005,3/8/2022
527,cukai,75.07,83,67,2.62,1646700932,MY,103.4167,4.25,3/8/2022
528,bowen,88.02,73,29,11.97,1646700933,AU,148.2333,-20.0167,3/8/2022
529,nyurba,-12.08,100,100,0.38,1646700933,RU,118.3319,63.2842,3/8/2022
530,edmonds,48.07,78,68,3,1646700933,US,-122.3774,47.8107,3/8/2022
531,mackay,89.85,70,75,14.97,1646700934,AU,149.2,-21.15,3/8/2022
532,harper,79.75,88,41,5.23,1646700934,LR,-7.7169,4.375,3/8/2022
533,chapais,19.18,94,100,8.93,1646700934,CA,-74.8492,49.7834,3/8/2022
534,takoradi,79.38,88,100,4.18,1646700934,GH,-1.7554,4.8845,3/8/2022
535,zvenyhorodka,28.29,95,98,7.34,1646700935,UA,30.9675,49.0787,3/8/2022
536,akdagmadeni,34.12,93,100,10.89,1646700935,TR,35.8836,39.6603,3/8/2022
537,santiago del estero,72.72,86,71,9.93,1646700935,AR,-64.2615,-27.7951,3/8/2022
538,huilong,52.99,67,0,7.38,1646700935,CN,121.655,31.8111,3/8/2022
539,havoysund,34.68,67,95,21.27,1646700936,NO,24.6622,70.9963,3/8/2022
540,vyazemskiy,25.39,79,27,5.48,1646700936,RU,134.7525,47.5378,3/8/2022
541,chor,71.24,35,0,11.39,1646700936,PK,69.7667,25.5167,3/8/2022
542,gawler,70.74,53,0,15.17,1646700937,AU,138.7333,-34.6,3/8/2022
543,rincon de la victoria,53.55,60,100,5.91,1646700937,ES,-4.2758,36.7172,3/8/2022
544,alekseyevskoye,3.88,96,82,6.17,1646700937,RU,50.1135,55.3071,3/8/2022
545,dingle,82.15,76,50,11.61,1646700937,PH,122.6711,10.9995,3/8/2022
546,mezen,-21.64,100,17,2.93,1646700938,RU,44.24,65.8522,3/8/2022
547,shimoda,43.11,81,100,10.6,1646700938,JP,138.95,34.6667,3/8/2022
548,rasskazovo,17.76,97,100,3.4,1646700938,RU,41.9033,52.6714,3/8/2022
549,boyolangu,79.21,83,100,1.07,1646700939,ID,111.8935,-8.1181,3/8/2022
550,uyemskiy,-19.95,75,27,2.24,1646700939,RU,40.8524,64.4743,3/8/2022
551,moerai,81.52,74,100,14.52,1646700939,PF,-151.3333,-22.4333,3/8/2022
552,nha trang,80.6,79,100,7.96,1646700939,VN,109.1833,12.25,3/8/2022
553,manakara,73.13,94,29,5.55,1646700940,MG,48.0167,-22.1333,3/8/2022
554,dongsheng,39.67,32,0,3.98,1646700940,CN,109.9776,39.8161,3/8/2022
555,santa isabel do rio negro,73.83,98,100,2.39,1646700940,BR,-65.0192,-0.4139,3/8/2022
556,krasnoborsk,-14.44,100,65,2.04,1646700940,RU,45.934,61.5598,3/8/2022
557,kyren,28.35,85,100,0.96,1646700941,RU,102.1408,51.6828,3/8/2022
558,portobelo,75.43,84,72,10.11,1646700941,PA,-79.65,9.55,3/8/2022
559,hualmay,74.07,74,98,3.65,1646700941,PE,-77.6139,-11.0964,3/8/2022
560,strelka,28.8,88,76,11.23,1646700942,RU,93.0344,58.0728,3/8/2022
561,rio grande,69.94,87,32,9.26,1646700942,BR,-52.0986,-32.035,3/8/2022
562,yeppoon,94.78,62,13,6.89,1646700942,AU,150.7333,-23.1333,3/8/2022
563,krasnyy yar,22.93,75,40,7.09,1646700942,RU,48.3456,46.5331,3/8/2022
564,khasan,35.29,47,21,1.88,1646700943,RU,130.6434,42.4308,3/8/2022
565,vohibinany,73.49,99,100,3.42,1646700943,MG,49.0333,-17.35,3/8/2022
566,qasigiannguit,9.91,96,100,2.93,1646700943,GL,-51.1922,68.8193,3/8/2022
567,bodden town,79.68,73,20,10.36,1646700943,KY,-81.25,19.2833,3/8/2022
568,quatre cocos,75.09,84,54,6.46,1646700944,MU,57.7625,-20.2078,3/8/2022
569,fatezh,24.78,97,100,6.53,1646700944,RU,35.8632,52.0891,3/8/2022
570,ulagan,23.99,93,100,3.94,1646700944,RU,87.9563,50.6321,3/8/2022
571,ewa beach,78.69,62,100,9.22,1646700945,US,-158.0072,21.3156,3/8/2022
572,saint-paul,77.09,78,100,2.04,1646700945,RE,55.2707,-21.0096,3/8/2022
573,mundra,74.05,60,100,7.7,1646700945,IN,69.7333,22.85,3/8/2022
574,nome,32.07,47,0,16.11,1646700696,US,-165.4064,64.5011,3/8/2022
575,moree,80.62,54,10,9.22,1646700945,AU,149.85,-29.4667,3/8/2022
576,wajid,73.67,62,7,16.44,1646700946,SO,43.2471,3.8093,3/8/2022
577,manicore,73.94,96,100,2.39,1646700946,BR,-61.3003,-5.8092,3/8/2022
578,suifenhe,27.97,50,100,2.57,1646700946,CN,131.1667,44.4,3/8/2022
579,wajima,39.88,60,75,5.75,1646700946,JP,136.9,37.4,3/8/2022
580,pudozh,-20.33,100,98,3.83,1646700947,RU,36.5345,61.8099,3/8/2022
581,japura,75.92,95,100,3.4,1646700947,ID,102.35,-0.3167,3/8/2022
582,kresttsy,-1.68,99,31,4.32,1646700947,RU,32.5165,58.2452,3/8/2022
583,hofn,34.5,98,100,12.08,1646700948,IS,-15.2082,64.2539,3/8/2022
584,villa carlos paz,60.08,83,0,3.22,1646700774,AR,-64.4978,-31.4241,3/8/2022
585,port-gentil,82.42,78,100,2.98,1646700948,GA,8.7815,-0.7193,3/8/2022
586,atar,63.25,24,59,8.97,1646700948,MR,-13.0499,20.5169,3/8/2022
587,melita,29.66,89,100,14.88,1646700948,CA,-100.9967,49.2681,3/8/2022
